team,period,window_start_min,state,frames,k,formation,silhouette,sil_k2,sil_k3,sil_k4
home,1,0,in possession,3694,4,4-2-2-2,0.776,0.66,0.659,0.776
home,1,0,out of possession,2438,3,4-4-2,0.752,0.602,0.752,0.661
home,1,5,in possession,1210,3,5-2-3,0.721,0.653,0.721,0.668
home,1,5,out of possession,3107,4,4-2-2-2,0.813,0.617,0.696,0.813
home,1,10,in possession,2145,3,3-3-4,0.683,0.682,0.683,0.68
home,1,10,out of possession,2518,4,4-2-2-2,0.801,0.651,0.784,0.801
home,1,15,in possession,2503,4,3-2-3-2,0.671,0.599,0.622,0.671
home,1,15,out of possession,3455,3,4-4-2,0.826,0.621,0.826,0.815
home,1,20,in possession,1984,2,6-4,0.648,0.648,0.602,0.494
home,1,20,out of possession,3555,3,4-4-2,0.751,0.617,0.751,0.75
home,1,25,in possession,1159,3,2-5-3,0.635,0.484,0.635,0.634
home,1,25,out of possession,5808,4,2-2-4-2,0.725,0.707,0.695,0.725
home,1,30,out of possession,1316,3,4-4-2,0.813,0.528,0.813,0.676
home,1,35,in possession,5604,2,6-4,0.657,0.657,0.513,0.39
home,1,35,out of possession,685,3,3-3-4,0.683,0.645,0.683,0.657
home,1,40,in possession,4197,2,6-4,0.66,0.66,0.634,0.604
home,1,40,out of possession,2135,3,4-3-3,0.662,0.605,0.662,0.582
home,1,45,in possession,2025,3,3-3-4,0.69,0.65,0.69,0.629
home,1,45,out of possession,1181,2,6-4,0.677,0.677,0.628,0.589
home,2,0,in possession,2629,2,6-4,0.584,0.584,0.498,0.552
home,2,0,out of possession,2798,3,4-4-2,0.879,0.699,0.879,0.703
home,2,5,in possession,3393,3,2-4-4,0.701,0.681,0.701,0.633
home,2,5,out of possession,1954,3,4-4-2,0.869,0.642,0.869,0.773
home,2,10,in possession,3943,2,6-4,0.735,0.735,0.666,0.713
home,2,10,out of possession,1160,4,4-2-2-2,0.864,0.529,0.817,0.864
home,2,15,in possession,2830,3,3-3-4,0.738,0.637,0.738,0.727
home,2,15,out of possession,3582,4,4-2-2-2,0.869,0.546,0.808,0.869
home,2,20,in possession,4945,3,2-4-4,0.734,0.679,0.734,0.628
home,2,20,out of possession,2555,4,4-2-2-2,0.737,0.643,0.597,0.737
home,2,35,in possession,3287,4,4-2-2-2,0.77,0.719,0.689,0.77
home,2,35,out of possession,4213,4,4-2-2-2,0.827,0.568,0.765,0.827
home,2,40,in possession,4981,4,2-2-2-4,0.688,0.627,0.687,0.688
home,2,40,out of possession,2519,3,4-4-2,0.595,0.572,0.595,0.533
home,2,45,in possession,2781,4,2-2-2-4,0.715,0.658,0.609,0.715
home,2,45,out of possession,1726,3,4-4-2,0.748,0.646,0.748,0.62
away,1,0,in possession,2438,3,4-4-2,0.705,0.651,0.705,0.663
away,1,0,out of possession,3694,3,4-4-2,0.692,0.58,0.692,0.612
away,1,5,in possession,3107,3,4-4-2,0.797,0.623,0.797,0.722
away,1,5,out of possession,1210,3,4-4-2,0.733,0.664,0.733,0.658
away,1,10,in possession,2518,3,3-5-2,0.706,0.618,0.706,0.656
away,1,10,out of possession,2145,4,3-2-3-2,0.717,0.545,0.628,0.717
away,1,15,in possession,3455,3,4-4-2,0.798,0.734,0.798,0.61
away,1,15,out of possession,2503,3,4-4-2,0.721,0.634,0.721,0.658
away,1,20,in possession,3555,3,3-5-2,0.738,0.674,0.738,0.641
away,1,20,out of possession,1984,4,3-2-3-2,0.688,0.539,0.671,0.688
away,1,25,in possession,5808,3,3-4-3,0.726,0.648,0.726,0.644
away,1,25,out of possession,1159,3,4-4-2,0.675,0.627,0.675,0.575
away,1,30,in possession,1316,2,4-6,0.731,0.731,0.722,0.651
away,1,30,out of possession,4006,4,4-2-2-2,0.727,0.652,0.626,0.727
away,1,35,in possession,685,3,4-4-2,0.599,0.541,0.599,0.543
away,1,35,out of possession,5604,3,3-5-2,0.673,0.535,0.673,0.552
away,1,40,in possession,2135,4,2-2-4-2,0.707,0.522,0.62,0.707
away,1,40,out of possession,4197,4,2-3-3-2,0.676,0.567,0.573,0.676
away,1,45,in possession,1181,2,7-3,0.663,0.663,0.592,0.543
away,1,45,out of possession,2025,3,5-3-2,0.663,0.582,0.663,0.641
away,2,0,in possession,2798,3,4-4-2,0.743,0.694,0.743,0.725
away,2,0,out of possession,2629,4,3-3-2-2,0.754,0.573,0.638,0.754
away,2,5,in possession,1954,3,3-5-2,0.658,0.635,0.658,0.622
away,2,5,out of possession,3393,4,3-3-2-2,0.682,0.617,0.657,0.682
away,2,10,in possession,1160,2,4-6,0.623,0.623,0.572,0.587
away,2,10,out of possession,3943,3,6-2-2,0.782,0.691,0.782,0.755
away,2,15,in possession,3582,3,4-3-3,0.67,0.593,0.67,0.602
away,2,15,out of possession,2830,2,6-4,0.707,0.707,0.616,0.577
away,2,25,in possession,2007,3,4-4-2,0.71,0.63,0.71,0.616
away,2,25,out of possession,5015,3,4-4-2,0.729,0.652,0.729,0.624
away,2,35,in possession,4213,4,3-2-3-2,0.712,0.622,0.636,0.712
away,2,35,out of possession,3287,4,3-2-2-3,0.792,0.583,0.691,0.792
away,2,40,in possession,2519,4,3-3-2-2,0.663,0.522,0.661,0.663
away,2,40,out of possession,4981,3,4-4-2,0.696,0.547,0.696,0.626
away,2,45,in possession,1726,4,2-2-4-2,0.735,0.697,0.644,0.735
away,2,45,out of possession,2781,3,3-5-2,0.729,0.464,0.729,0.703
