team,player,is_gk,minutes,distance_m,top_speed_kmh,sprints,dist_walking_m,dist_jogging_m,dist_running_m,dist_high_speed_m,dist_sprinting_m
home,Player1,False,31.1,3032.0,26.2,0,1170.0,1164.0,545.0,143.0,10.0
home,Player2,False,96.6,9842.0,33.5,6,3839.0,4479.0,1177.0,255.0,93.0
home,Player3,False,96.6,9567.0,32.9,6,4190.0,3908.0,1155.0,192.0,122.0
home,Player4,False,96.7,10259.0,32.7,12,3793.0,4388.0,1264.0,596.0,218.0
home,Player5,False,96.7,11090.0,35.5,18,3960.0,4660.0,1404.0,696.0,371.0
home,Player6,False,73.9,8521.0,26.4,2,2649.0,3963.0,1597.0,284.0,27.0
home,Player7,False,96.7,10623.0,28.7,4,3986.0,4218.0,1776.0,559.0,85.0
home,Player8,False,96.6,11202.0,36.0,20,3980.0,4134.0,1751.0,876.0,461.0
home,Player9,False,96.6,10142.0,35.0,14,4042.0,3262.0,1668.0,852.0,319.0
home,Player10,False,80.9,8428.0,32.9,11,3271.0,3024.0,1258.0,670.0,205.0
home,Player11,True,96.7,3733.0,29.7,0,3327.0,349.0,47.0,7.0,2.0
home,Player12,False,65.5,7371.0,26.5,1,2584.0,3377.0,1167.0,231.0,12.0
home,Player13,False,22.8,2455.0,32.2,4,966.0,834.0,312.0,242.0,102.0
home,Player14,False,15.7,1940.0,25.5,0,580.0,713.0,392.0,242.0,12.0
away,Player15,False,96.6,9846.0,32.1,11,4234.0,3928.0,1134.0,384.0,167.0
away,Player16,False,96.7,9908.0,30.7,9,4135.0,3899.0,1269.0,445.0,160.0
away,Player17,False,96.6,10932.0,34.1,7,4267.0,3801.0,2069.0,662.0,133.0
away,Player18,False,96.6,11245.0,35.6,11,3620.0,4857.0,1916.0,604.0,248.0
away,Player19,False,79.6,9899.0,30.5,3,2846.0,4127.0,2307.0,539.0,81.0
away,Player20,False,96.6,10293.0,30.4,9,3506.0,4409.0,1580.0,629.0,169.0
away,Player21,False,96.7,10963.0,29.8,8,3596.0,4573.0,2065.0,578.0,151.0
away,Player22,False,71.2,7805.0,34.0,8,3030.0,2836.0,1186.0,583.0,171.0
away,Player23,False,96.7,10293.0,36.3,18,4057.0,4015.0,1305.0,496.0,420.0
away,Player24,False,71.0,7907.0,36.9,6,2580.0,3130.0,1562.0,502.0,133.0
away,Player25,True,96.6,4913.0,23.3,0,3912.0,836.0,147.0,18.0,0.0
away,Player26,False,25.6,2813.0,31.9,0,1032.0,1146.0,431.0,185.0,19.0
away,Player27,False,25.4,2866.0,28.5,2,958.0,1133.0,525.0,205.0,46.0
away,Player28,False,17.1,2122.0,26.2,3,636.0,782.0,413.0,248.0,43.0
