frame,alignment_score
1521,3.3203663475219445
1522,3.377892319000157
1523,3.0829493919686017
1524,3.415755181194552
1525,3.680191106096772
1526,4.822485446349766
1527,3.484276956017014
1528,3.444227203588046
1529,4.082938311778561
1530,4.774358846810519
1531,4.875353808733414
1532,4.811138136039984
1533,4.061002187326781
1534,4.722891376665363
1535,4.528985577678179
1536,5.060301355335959
1537,4.234177193577102
1538,5.718157299834691
1539,5.494949661606538
1540,4.261363429040457
1541,4.888392925262451
1542,4.6210530469899895
1543,2.8965517790547985
1544,3.42313550824044
1545,3.9668768425699295
1546,4.3065326467721965
1547,5.275438668559833
1548,7.160569418990716
1549,6.761552450650635
1550,8.968820098049573
1551,8.260080451578002
1552,6.60687595061411
1553,7.897526857595121
1554,8.594981886671887
1555,9.2950819136759
1556,9.996247543870409
1557,10.827722030952302
1558,10.14519076671038
1559,10.612244726080432
1560,11.85384632074622
1561,13.059063283612911
1562,12.155768799190183
1563,14.225673042374098
1564,13.840606674725455
1565,14.730693610314477
1566,13.0954004077112
1567,12.22906800794309
1568,8.807189236890508
1569,6.725552094190416
1570,5.869190216064453
1571,7.17627706530791
1572,9.358193834583693
1573,9.789290163292076
1574,9.579185037108068
1575,10.255370390711187
1576,14.826732673267326
1577,11.937931034482759
1578,14.95114011260566
1579,13.450807207146013
1580,8.944222833862916
1581,7.690846379894976
1582,8.120253398680546
1583,7.803648691486397
1584,7.827875361176656
1585,8.14272851257086
1586,8.391500995523463
1587,8.109091536016379
1588,10.124877182252176
1589,6.667358424829482
1590,8.118329760921268
1591,7.234532292479899
1592,8.660036440016222
1593,11.08108051409208
1594,13.860907229676513
1595,10.707954984275265
1596,11.698912377100772
1597,17.12815910854244
1598,15.316798615258852
1599,18.317670161384196
1600,17.05181219476514
1601,13.272000596338929
1602,14.429403200078996
1603,16.06582957084164
1604,15.942148661452253
1605,10.605319418486241
1606,15.652104962534631
1607,14.60410692695479
1608,14.961359544073966
1609,13.230040364828353
1610,16.643581170112522
1611,14.374251594787614
1612,18.022513985571326
1613,18.310862142025126
1614,14.556231088903775
1615,16.24102635028723
1616,17.83211682732507
1617,17.260147422917733
1618,18.654901048380896
1619,14.166915871297283
1620,12.993233662789175
1621,14.040639269702814
1622,11.572979300721464
1623,15.086821536480262
1624,11.711317535192805
1625,11.371522855250708
1626,11.043725423543815
1627,11.38254745944741
1628,15.0439176442229
1629,9.709731005524407
1630,12.579886030416686
1631,9.6376148134993
1632,11.34735684912538
1633,8.294009319657768
1634,9.498767341682651
1635,10.970281894216992
1636,10.148709837604272
1637,11.526703092493065
1638,11.20343439333442
1639,9.543106709000455
1640,11.356319078915012
1641,13.210469014660598
1642,15.353286218971592
1643,18.372624856517593
1644,14.195820197269823
1645,18.197540678384495
1646,18.980360295304187
1647,13.466075179501141
1648,13.656781318844047
1649,14.589507321602987
1650,11.660733782799129
1651,15.505201968843267
1652,15.040172913715288
1653,15.217872462407382
1654,15.497756969576075
1655,17.142156542599718
1656,14.546004617569881
1657,20.425535227273187
1658,19.707562796770926
1659,22.651427432590957
1660,20.306603476702218
1661,18.604479072022567
1662,16.168666632456198
1663,20.008361454259557
1664,16.42481509352039
1665,13.0398142628823
1666,20.445034288312076
1667,17.89762756822669
1668,13.72471556652917
1669,15.033332234624568
1670,13.259858384825685
1671,12.336965395552957
1672,9.300552633055341
1673,11.700783162502274
1674,9.421332842469726
1675,9.693070874135662
1676,9.61758993302032
1677,13.615454221815785
1678,12.625388652684181
1679,10.411365563786951
1680,11.083672814712134
1681,9.323151971956818
1682,11.754896929758054
1683,15.212243110602365
1684,14.574869429246085
1685,13.513292368902498
1686,15.37932283327789
1687,15.781380179704643
1688,16.669468694754812
1689,16.350505200069303
1690,17.273425932086123
1691,12.993966401730603
1692,12.801204626921324
1693,11.186897059822925
1694,12.837372688836902
1695,14.06519045737028
1696,14.059364656875486
1697,13.454611256694001
1698,14.565703588366484
1699,14.216236596068384
1700,14.255666654742521
1701,13.183695425584997
1702,12.108046761744744
1703,11.798132373668963
1704,11.107227947364608
1705,11.141476777799983
1706,10.825675221383191
1707,9.52901218573389
1708,10.342844420197348
1709,9.097982521550072
1710,9.831556388439012
1711,9.385254726917575
1712,8.814555793781983
1713,8.94694706480635
1714,7.941445618871042
1715,8.86692778516508
1716,9.148577444414398
1717,8.250728623337242
1718,8.649741129923957
1719,7.0544984473092445
1720,7.803451515858427
1721,8.190126142585653
