segment,start,end,seconds,wide_gameplay_shot,players_on_grass,median_height_frac
0,0,57,2.3,False,0,
1,57,112,2.2,False,0,
2,112,220,4.3,True,15,0.103
3,220,260,1.6,False,2,0.89
4,260,433,6.9,True,7,0.151
5,433,591,6.3,True,7,0.119
6,591,639,1.9,False,0,
7,639,787,5.9,False,1,0.443
8,787,915,5.1,True,7,0.078
9,915,953,1.5,False,1,0.817
10,953,1046,3.7,True,7,0.166
11,1046,1071,1.0,False,0,
12,1071,1235,6.6,True,17,0.089
13,1235,1272,1.5,False,0,
14,1272,1419,5.9,False,3,0.432
15,1419,1489,2.8,True,18,0.09
16,1489,1521,1.3,False,0,
17,1521,1722,8.0,True,12,0.088
18,1722,1837,4.6,False,5,0.285
19,1837,1962,5.0,True,17,0.08
20,1962,2003,1.6,False,3,0.285
21,2003,2130,5.1,True,8,0.139
22,2130,2179,2.0,False,2,0.784
23,2179,2318,5.6,True,13,0.09
24,2318,2364,1.8,False,1,0.696
25,2364,2423,2.4,True,12,0.087
26,2423,2534,4.4,False,3,0.142
27,2534,2593,2.4,False,3,0.445
28,2593,2697,4.2,False,4,0.107
29,2697,2787,3.6,False,0,
30,2787,2845,2.3,False,0,
31,2851,2987,5.4,False,3,0.445
32,2988,3188,8.0,False,0,
