segment,start,end,frames,players_per_frame,median_players_per_frame,unique_track_ids,mean_track_len_frames,id_to_player_ratio,ball_frames_share,persons_removed_not_on_grass
2,112,220,108,15.94,16.0,25,68.9,1.56,0.028,79
4,260,433,173,5.95,6.0,26,39.4,4.33,0.393,711
5,433,591,158,8.47,8.0,24,55.8,3.0,0.152,114
8,787,915,128,6.87,7.0,24,36.6,3.43,0.016,266
10,953,1046,93,5.94,7.0,10,55.2,1.43,0.538,351
12,1071,1235,164,13.98,15.0,33,69.5,2.2,0.128,93
15,1419,1489,70,16.76,17.0,26,45.1,1.53,0.114,100
17,1521,1722,201,10.48,10.0,35,60.2,3.5,0.129,180
19,1837,1962,125,18.04,18.0,38,59.3,2.11,0.12,103
21,2003,2130,127,8.46,8.0,19,56.5,2.38,0.693,196
23,2179,2318,139,13.06,11.0,55,33.0,5.0,0.022,139
25,2364,2423,59,14.61,14.0,22,39.2,1.57,0.0,180
