play_pattern,shots,goals,mean_pred,goal_rate,mean_log_loss,bias,share_of_total_loss
From Corner,1057,80,0.0815,0.0757,0.2309,0.0059,0.1491
From Counter,261,39,0.1364,0.1494,0.3478,-0.0131,0.0554
From Free Kick,1244,102,0.0821,0.082,0.2529,0.0001,0.1921
From Goal Kick,263,22,0.0874,0.0837,0.2143,0.0038,0.0344
From Keeper,122,17,0.1101,0.1393,0.3498,-0.0292,0.0261
From Kick Off,72,4,0.0712,0.0556,0.1948,0.0156,0.0086
From Throw In,1154,104,0.0891,0.0901,0.2481,-0.001,0.1749
Other,16,3,0.1687,0.1875,0.3524,-0.0188,0.0034
Regular Play,2158,199,0.0915,0.0922,0.2701,-0.0007,0.356
